<?xml version="1.0" encoding="UTF-8"?>
<beans xmlns="http://www.springframework.org/schema/beans"
	xmlns:xsi="http://www.w3.org/2001/XMLSchema-instance" xmlns:context="http://www.springframework.org/schema/context"
	xmlns:p="http://www.springframework.org/schema/p" xmlns:mvc="http://www.springframework.org/schema/mvc"
	xsi:schemaLocation="http://www.springframework.org/schema/beans 
	   		http://www.springframework.org/schema/beans/spring-beans-3.0.xsd
	   		http://www.springframework.org/schema/context
	   		http://www.springframework.org/schema/context/spring-context-3.0.xsd
	   			http://www.springframework.org/schema/mvc 
			http://www.springframework.org/schema/mvc/spring-mvc-3.0.xsd">
	
	<!-- This is the package name in which you keep your model , controller ,action 
		your all the model will be a spring bean
	-->	
	<context:component-scan base-package="com.spring.web.mvc"/>
	
	
	 <!-- the mvc resources tag does the magic
	 hey dispatcher servlet ...let image serve from below folder
	  -->
 	<mvc:resources mapping="/img/**" location="/img/" />
      
	
	 <!-- to enable spring mvc features!!!!!!!!!!!!!!!!!!!!!!!!!!!!!!!!!!! -->
     <mvc:annotation-driven/>		
     
             	<!-- Mapping for the view resolver -->
	<bean id="viewResolver"
		class="org.springframework.web.servlet.view.InternalResourceViewResolver">
		<property name="prefix">
			<value>/</value>
		</property>
		<property name="suffix">
			<value>.jsp</value>
		</property>
	</bean>


</beans>			